ts,dist_cm,lux,yaw_deg
1756212235.302235,111.0,245.3,37.7
1756212236.307342,69.6,498.7,-5.2
1756212237.310175,116.6,309.6,-5.1
1756212238.311685,55.1,299.2,-11.5
1756212239.316902,46.6,88.1,17.1
1756212240.317334,101.0,240.2,-31.2
1756212241.322617,68.9,96.2,-44.8
1756212242.3278568,61.3,364.6,12.2
1756212243.333112,62.7,164.3,32.5
1756212244.3383958,53.5,154.6,10.6
