ts,dist_cm,lux,yaw_deg
1756214246.75404,45.0,122.2,-2.3
1756214247.759139,36.3,276.9,0.7
1756214248.76447,109.3,214.3,-16.6
1756214249.769221,55.4,113.3,19.6
1756214250.7713459,41.3,258.8,-40.8
1756214251.776026,103.0,382.0,-42.4
1756214252.781295,108.3,304.7,-10.6
1756214253.785384,96.4,105.5,39.9
1756214254.790647,97.0,115.4,-14.7
1756214255.795882,73.7,257.5,-34.0
